age,female,total_trips,d1_drive,d1_pt,d1_cycle,d1_walk,d2_drive,d2_pt,d2_cycle,d2_walk,d3_drive,d3_pt,d3_cycle,d3_walk,d4_drive,d4_pt,d4_cycle,d4_walk,d5_drive,d5_pt,d5_cycle,d5_walk,cluster
20.939188481815243,0.4976213652710271,1.7028044712844976,0.6466228318688603,0.09427183854162034,0.05223701544014482,0.20686831414937462,0.72948617873053,0.12792652493679302,0.06294836538525664,0.0796389309474201,0.8704281543134229,0.06925073542676674,0.006450591801958423,0.05387051845785199,0.6729038377968536,0.23471743598448447,0.06208000104545311,0.03029872517320899,0.5757459559305861,0.33941547912329567,0.05435259829225583,0.03048596665386247,0.0
17.962399257029205,0.4988322566862214,1.2974836596125994,0.1807526078325773,0.31990059552531674,0.07979967556441503,0.4195471210776909,0.21596782196522035,0.5381650974086585,0.10001049065575485,0.14585658997036635,0.3682629099165451,0.4011715318013784,0.08570830239871118,0.14485725588336537,0.22437122275256388,0.6683422070286309,0.06284193031544545,0.044444639903359756,0.23306098546884269,0.6770589351074213,0.044940039711867955,0.044940039711867955,1.0
19.542920882297725,0.5000076054736233,1.0383225025882654,0.08551841492053236,0.3332606090216031,0.14378699647760199,0.4374339795802626,0.10422820147480528,0.5132418457752631,0.16167230369054023,0.22085764905939156,0.7852196966245685,0.06461034967647497,0.029301279825818486,0.12086867387313807,0.39284802493744586,0.44525832801071075,0.12316146205344185,0.03873218499840164,0.3748523141654189,0.5111854452393902,0.09552286672835339,0.018439373866837475,2.0
11.921331929142008,0.4241265846919526,1.2936610992111532,0.20783663228200672,0.04662744330598605,0.4242271744129353,0.32130874999907205,0.24072139447088037,0.056163703039751316,0.5234387288954712,0.17967617359389726,0.23296936796962722,0.34945405195444085,0.41757658007593196,0.0,0.08876433057917736,0.2502873536399974,0.6609483157808252,0.0,0.24296604206130734,0.41556895345522576,0.34146500448346695,0.0,3.0
