age,female,total_trips,d1_drive,d1_pt,d1_cycle,d1_walk,d2_drive,d2_pt,d2_cycle,d2_walk,d3_drive,d3_pt,d3_cycle,d3_walk,d4_drive,d4_pt,d4_cycle,d4_walk,d5_drive,d5_pt,d5_cycle,d5_walk,cluster,cluster_size
41.05696846388607,0.5489996609020007,3.0741494291850344,0.9374359684243407,0.010122242098986246,0.0028577817531305807,0.04958400772354252,0.9734483049418118,0.01673319465527257,0.003522235340417048,0.006296265062498734,0.9865595325054786,0.009727294862429953,0.00018261504747991243,0.003530557584611599,0.8865740740740746,0.10416666666666614,0.007275132275132198,0.001984126984126963,0.7443765664160402,0.24732142857142847,0.006422305764410958,0.0018796992481202803,0.0,8847
36.793359375,0.535546875,2.819921875,0.10290918977705264,0.3141109298531812,0.01848830886351265,0.5644915715062535,0.11775362318840575,0.7990777338603431,0.023056653491435784,0.06011198945981527,0.024674479166666603,0.9703125000000001,0.0013020833333333003,0.0037109375000000003,0.09430604982206406,0.8950177935943061,0.007117437722419929,0.0035587188612099647,0.099528857479387,0.8934040047114257,0.003533568904593643,0.003533568904593643,1.0,2560
38.20722135007849,0.5021585557299842,2.26614010989011,0.03401825210958694,0.31439165830266536,0.050450571849869154,0.6011395177378785,0.04627423981640835,0.7607860011474472,0.0643373493975903,0.12860240963855415,0.9634468584850282,0.012184380504990176,0.002642395772165968,0.021726365237815584,0.41462476325757575,0.5418442234848492,0.038914535984847815,0.00461647727272716,0.31490657200611355,0.6658408519449786,0.018365133362914753,0.0008874426859931273,2.0,20384
36.76687116564417,0.2331288343558282,2.9263803680981595,0.121212121212121,0.011363636363636053,0.5568181818181822,0.3106060606060609,0.1527777777777777,0.013888888888888512,0.7407407407407414,0.09259259259259249,0.0040899795501022004,0.006134969325153301,0.9897750511247445,0.0,0.02777777777777702,0.1111111111111108,0.8611111111111122,0.0,0.16666666666666644,0.5000000000000007,0.33333333333333287,0.0,3.0,163
