age,female,total_trips,d1_drive,d1_pt,d1_cycle,d1_walk,d2_drive,d2_pt,d2_cycle,d2_walk,d3_drive,d3_pt,d3_cycle,d3_walk,d4_drive,d4_pt,d4_cycle,d4_walk,d5_drive,d5_pt,d5_cycle,d5_walk,cluster,cluster_size
41.056968463886065,0.5489996609020007,3.0741494291850344,0.5923213590473679,0.006395765042764024,0.001805696846388606,0.031329784466440955,0.5591798672673546,0.009612082653791707,0.0020232847292867636,0.003616776200702955,0.15266191929467618,0.0015052183414340078,2.8258166610150335e-05,0.0005463245544629064,0.07576014468181304,0.008901322482197355,0.0006216796654233074,0.00016954899966090201,0.08952375569873026,0.029744546173844238,0.0007723898873441091,0.00022606533288120268,0.0,8847
36.793359375,0.535546875,2.819921875,0.02464192708333333,0.07521484375,0.004427083333333333,0.13516927083333333,0.023274739583333332,0.15794270833333332,0.004557291666666666,0.011881510416666666,0.024674479166666662,0.9703125,0.0013020833333333333,0.0037109375,0.0103515625,0.0982421875,0.00078125,0.000390625,0.011002604166666666,0.09876302083333333,0.000390625,0.000390625,1.0,2560
38.20722135007849,0.5021585557299842,2.26614010989011,0.012826937093518726,0.1185446568737385,0.019022914797787248,0.2266659307953951,0.009421021155715035,0.15488922217238543,0.01309850863422292,0.026182299843014126,0.08049205259026687,0.0010179552590266875,0.0002207613814756672,0.001815149136577708,0.05727940214547357,0.0748544610151753,0.005375948456305599,0.0006377551020408163,0.1044487506541078,0.22084723312401883,0.006091378859236002,0.0002943485086342229,2.0,20384
36.76687116564417,0.2331288343558282,2.9263803680981595,0.03271983640081799,0.003067484662576687,0.15030674846625766,0.08384458077709611,0.03374233128834356,0.003067484662576687,0.16359918200408996,0.020449897750511245,0.004089979550102249,0.006134969325153374,0.9897750511247443,0.0,0.003067484662576687,0.012269938650306749,0.0950920245398773,0.0,0.012269938650306749,0.03680981595092025,0.024539877300613498,0.0,3.0,163
