age,female,total_trips,d1_drive,d1_pt,d1_cycle,d1_walk,d2_drive,d2_pt,d2_cycle,d2_walk,d3_drive,d3_pt,d3_cycle,d3_walk,d4_drive,d4_pt,d4_cycle,d4_walk,d5_drive,d5_pt,d5_cycle,d5_walk,cluster
20.939188481815243,0.4976213652710271,1.7028044712844976,0.48393759517599116,0.07055378280534252,0.0390945917548449,0.15482186760745734,0.4936911643971888,0.08657627367695622,0.042601289387042496,0.053896890300512104,0.35865374062933447,0.028534273827267587,0.0026579205504562373,0.022196964630343593,0.26397694798179167,0.09207852431360516,0.024353686643161256,0.011886044557495024,0.28393789687002374,0.16738791877683476,0.026804812590615908,0.015034619290996809,0.0
17.962399257029205,0.4988322566862214,1.2974836596125994,0.14280799333472177,0.25274524479264077,0.06304767423699668,0.33147340549554194,0.14407695975146323,0.3590219615747952,0.06671923301265577,0.09730419027900532,0.10766558740391835,0.11728677381850171,0.02505773585844179,0.04235056293868045,0.0997763885079674,0.2972073284919469,0.027945387901456592,0.01976423537605237,0.10249817764545657,0.2977645823794975,0.01976423537605237,0.01976423537605237,1.0
19.542920882297725,0.5000076054736233,1.0383225025882654,0.07907349126625561,0.3081450922745039,0.13295077815389908,0.40446764589878587,0.07203015577566856,0.3546918164055645,0.11172869774842821,0.15263058021625167,0.27086092293125524,0.02228728981138706,0.010107453660173378,0.041693554936903444,0.23011326063791232,0.26081293319737237,0.07214261958568548,0.022687626806911512,0.301995861635731,0.411831228345011,0.07695700240712418,0.014855489451457942,2.0
11.921331929142008,0.4241265846919526,1.2936610992111532,0.17456480838644536,0.03916302249939786,0.35631416175582653,0.26987158019559654,0.16785533854626777,0.03916302249939787,0.36499450013615575,0.1252884273688849,0.03680911464459104,0.055213671966886556,0.06597701810701194,0.0,0.03916302249939786,0.11042734393377311,0.2916118850102123,0.0,0.11042734393377311,0.1888748541239312,0.15519482958004727,0.0,3.0
